month,tmax,tmin
1,27.8,14.5
2,27.75,13.225000000000001
3,32.56666666666666,16.2
4,36.3,16.7
5,33.2,18.2
6,29.05,17.75
7,29.25,17.0
8,28.271428571428572,15.842857142857142
10,28.9,13.080000000000002
11,28.119999999999997,12.5
12,28.85,12.15
